code,color,y,x1,x2,x3,x4,x5,x6,x7,Overduearea,Planneddeliveryarea,Province,City,Region,x_coord,y_coord,Overdue,Planned,O_rate,color_text,Region_n
scnj001,1,20752.52,7.948310800000001,0,1.7525051,0.5706117557904966,0.833973144114031,0.03255570365183585,0.37872732400377085,20752.52,20752.52,Sichuan,内江市,Western area,-686.9829,2272.767,20752.52,20752.52,1.0,Red,2
gxgl002,1,45528.34,4.9803043,0,1.1788913,0.85340009,0.70185954230726,0.0674344016839936,0.19676732720978388,45528.34,45528.34,Guangxi Zhuangzu,桂林市,Western area,-125.5177,1493.003,45528.34,45528.34,1.0,Red,2
hbes003,1,72369.33,25.441676,0,0.85310372,10.509967,0.9331094298881084,0.04695507608358339,0.30194695293896684,72369.33,72369.33,Hubei,恩施市,Central area,212.2326,2292.885,72369.33,72369.33,1.0,Red,1
cqcq004,1,29996.420000000002,0.0,0,0.94103651,4.7049288,0.837401393989272,0.013236715749527212,0.23258508058407049,29996.420000000002,29996.420000000002,Chongqing City,重庆市,Western area,-204.167,2186.741,29996.420000000002,29996.420000000002,1.0,Red,2
bjhh005,2,25504.17,79.07801,0,1.1569772,2.6869869,0.697691698037563,0.02602653838185755,0.189146685013832,25504.17,25504.17,Inner Mongol,呼和浩特市,Western area,257.7787,3768.07,25504.17,25504.17,1.0,Yellow,2
yxly006,1,60821.93,48.058665,1,1.6364263,1.8208929,0.7290361651282724,0.02087908830619465,0.28172538469445396,60821.93,60821.93,Henan,洛阳市,Central area,327.5666,2622.538,60821.93,60821.93,1.0,Red,1
yxpd007,1,75146.99,15.464008,0,1.8541022,0.29276166,0.7290361651282724,0.02087908830619465,0.28172538469445396,75146.99,75146.99,Henan,平顶山市,Central area,327.5666,2622.538,75146.99,75146.99,1.0,Red,1
hnld008,1,37651.020000000004,25.827522,0,1.2458369,0.87499932,0.7964985177890068,0.05270960946459299,0.25170903489386925,37651.020000000004,37651.020000000004,Hunan,娄底市,Central area,165.5755,1913.2,37651.020000000004,37651.020000000004,1.0,Red,1
bjxa009,1,2250.96,0.0,0,2.3060708,2.3005794,0.697691698037563,0.02602653838185755,0.189146685013832,2250.96,2250.96,Inner Mongol,乌兰浩特市,Western area,257.7787,3768.07,2250.96,2250.96,1.0,Red,2
bjcf010,1,51263.57,18.938276000000002,0,1.3879011,2.6826434,0.697691698037563,0.02602653838185755,0.189146685013832,51263.57,51263.57,Inner Mongol,赤峰市,Western area,257.7787,3768.07,51263.57,51263.57,1.0,Red,2
hnld011,1,69195.39,0.0,0,1.516432,0.45143541,0.7964985177890068,0.05270960946459299,0.25170903489386925,69195.39,69195.39,Hunan,娄底市,Central area,165.5755,1913.2,69195.39,69195.39,1.0,Red,1
gxhc012,1,34868.579999999994,2.6475477,0,2.3060708,1.0626912,0.70185954230726,0.0674344016839936,0.19676732720978388,34868.579999999994,76155.6,Guangxi Zhuangzu,河池市,Western area,-125.5177,1493.003,34868.579999999994,76155.6,0.45785969777665714,Red,2
bjcf013,3,30714.359999999997,66.0923,1,1.2910935,3.5591065,0.697691698037563,0.02602653838185755,0.189146685013832,30714.359999999997,81706.87,Inner Mongol,赤峰市,Western area,257.7787,3768.07,30714.359999999997,81706.87,0.3759091493775248,Green,2
bjzj014,1,40743.58,0.0,0,1.167949,1.2141553,0.697691698037563,0.02602653838185755,0.189146685013832,40743.58,40743.58,Hebei,张家口市,Eastern area,549.064,3292.096,40743.58,40743.58,1.0,Red,3
dbhl015,2,17944.17,0.0,0,0.84405029,2.633013,0.7686943654696622,0.029104031210575552,0.3081954353716442,17944.17,155365.43,Heilongjiang,佳木斯市,Central area,1335.812,4302.042,17944.17,155365.43,0.11549654257063492,Yellow,1
ydxy016,1,65731.14,0.0,1,1.3074555,2.3446537,0.6621007425706285,0.01779819670068548,0.22212737639704153,65731.14,65731.14,Henan,信阳市,Central area,327.5666,2622.538,65731.14,65731.14,1.0,Red,1
yxly017,2,31873.7,67.987068,0,1.3024355,5.7188003,0.7290361651282724,0.02087908830619465,0.28172538469445396,31873.7,31873.7,Henan,洛阳市,Central area,327.5666,2622.538,31873.7,31873.7,1.0,Yellow,1
xbsj018,2,63634.8,1.3851840999999998,0,1.7530201,1.592183,0.69177574771193,0.03045135059379122,0.2527564278261851,63634.8,63634.8,Qinghai,西宁市,Western area,-1236.947,2915.147,63634.8,63634.8,1.0,Yellow,2
xbww019,1,39809.53,8.8235285,1,1.2011543,2.0785917,0.69177574771193,0.03045135059379122,0.2527564278261851,39809.53,101947.89,Gansu,武威市,Western area,-762.6987,3093.822,39809.53,101947.89,0.39048900374495243,Red,2
dbjl020,2,77962.53,8.1004304,0,1.6893838,0.36230679,0.7686943654696622,0.029104031210575552,0.3081954353716442,77962.53,77962.53,Jilin,四平市,Central area,1287.258,3827.894,77962.53,77962.53,1.0,Yellow,1
sddz021,1,38090.45,77.876704,1,1.2887246,1.4273618,0.6899470327975797,0.019919818030096056,0.09335376053505097,38090.45,38090.45,Shandong,德州市,Eastern area,818.8971,3022.989,38090.45,38090.45,1.0,Red,3
hbcz022,1,67139.55,7.69282,0,1.0626221,2.9019752,0.7109781757714158,0.01213319377191041,0.2488844305706367,67139.55,67139.55,Hebei,沧州市,Eastern area,549.064,3292.096,67139.55,67139.55,1.0,Red,3
yxjy023,3,63721.28,46.429518,0,1.1414275,2.413108,0.7290361651282724,0.02087908830619465,0.28172538469445396,63721.28,63721.28,Henan,济源市,Central area,327.5666,2622.538,63721.28,63721.28,1.0,Green,1
ldyt024,1,88948.0,57.149508999999995,1,1.8185416,1.0758443,0.8467148355855535,0.016559034321694505,0.9495546659761421,88948.0,88948.0,Shandong,烟台市,Eastern area,818.8971,3022.989,88948.0,88948.0,1.0,Red,3
gzqn025,3,42298.46,1.9659597,0,0.9392871,2.6442509,0.7882375474307484,0.08463759381221045,0.39795838886757934,42298.46,42298.46,Guizhou,都匀市,Western area,-310.2428,1827.834,42298.46,42298.46,1.0,Green,2
hnld026,1,93034.42,18.243569,1,1.0059577,1.6413722,0.7964985177890068,0.05270960946459299,0.25170903489386925,93034.42,93034.42,Hunan,娄底市,Central area,165.5755,1913.2,93034.42,93034.42,1.0,Red,1
xbwl027,1,157103.61000000002,0.0,0,1.554537,0.65496743,0.69177574771193,0.03045135059379122,0.2527564278261851,157103.61000000002,157103.61000000002,Xinjiang Uygur,乌鲁木齐市,Western area,-2043.23,3686.223,157103.61000000002,157103.61000000002,1.0,Red,2
bjbd028,2,52040.4,0.0,0,1.1687508,0.95446992,0.697691698037563,0.02602653838185755,0.189146685013832,52040.4,52040.4,Hebei,保定市,Eastern area,549.064,3292.096,52040.4,52040.4,1.0,Yellow,3
hnhh029,1,19165.47,1.1284433,0,0.92721231,1.112088,0.7964985177890068,0.05270960946459299,0.25170903489386925,19165.47,57275.049999999996,Hunan,怀化市,Central area,165.5755,1913.2,19165.47,57275.049999999996,0.33462161971050225,Red,1
bjbd030,2,68200.72,1.5059524,0,2.3060708,12.93103,0.697691698037563,0.02602653838185755,0.189146685013832,68200.72,68200.72,Hebei,保定市,Eastern area,549.064,3292.096,68200.72,68200.72,1.0,Yellow,3
xbxn031,1,93447.85,0.0,0,1.0849696,0.51062637,0.69177574771193,0.03045135059379122,0.2527564278261851,93447.85,93447.85,Qinghai,西宁市,Western area,-1236.947,2915.147,93447.85,93447.85,1.0,Red,2
hnyy032,1,34576.17,9.6916289,0,1.0720473,1.5353644,0.7964985177890068,0.05270960946459299,0.25170903489386925,34576.17,34576.17,Hunan,岳阳市,Central area,165.5755,1913.2,34576.17,34576.17,1.0,Red,1
bjtl033,3,33029.16,0.0,0,2.3060708,2.0522436,0.697691698037563,0.02602653838185755,0.189146685013832,33029.16,33029.16,Inner Mongol,通辽市,Western area,257.7787,3768.07,33029.16,33029.16,1.0,Green,2
hnzz034,3,51626.37,0.0,0,1.4173601,9.2574892,1.0028625166076264,0.008970670937271734,0.5575526018541407,51626.37,51626.37,Henan,郑州市,Central area,327.5666,2622.538,51626.37,51626.37,1.0,Green,1
hnhh035,2,26646.2,12.867451,0,0.78017771,1.3427657,0.7964985177890068,0.05270960946459299,0.25170903489386925,26646.2,51887.17,Hunan,怀化市,Central area,165.5755,1913.2,26646.2,51887.17,0.5135412087419684,Yellow,1
sdta036,2,22949.920000000002,0.0,1,1.4243688,1.2772907,0.6899470327975797,0.019919818030096056,0.09335376053505097,22949.920000000002,22949.920000000002,Shandong,泰安市,Eastern area,818.8971,3022.989,22949.920000000002,22949.920000000002,1.0,Yellow,3
hbcz037,1,54866.36,7.0211446,0,1.2535466,4.6338318,0.7109781757714158,0.01213319377191041,0.2488844305706367,54866.36,54866.36,Hebei,沧州市,Eastern area,549.064,3292.096,54866.36,54866.36,1.0,Red,3
sdrz038,1,44980.42,12.190324,0,1.7944669,0.48747517,0.6899470327975797,0.019919818030096056,0.09335376053505097,44980.42,44980.42,Shandong,日照市,Eastern area,818.8971,3022.989,44980.42,44980.42,1.0,Red,3
yday039,1,61426.86,21.587466,1,1.2955097,0.37971267,0.6621007425706285,0.01779819670068548,0.22212737639704153,61426.86,61426.86,Henan,安阳市,Central area,327.5666,2622.538,61426.86,61426.86,1.0,Red,1
sxty040,1,66155.04,0.0,0,1.0866238,1.9170868,0.6783565084150279,0.014762529025704126,0.19665238540883978,66155.04,192072.43,Shanxi,太原市,Central area,195.3071,3031.825,66155.04,192072.43,0.34442756828765064,Red,1
xbcj041,1,156653.21,0.0,0,1.2885546,1.1570352,0.69177574771193,0.03045135059379122,0.2527564278261851,156653.21,156653.21,Xinjiang Uygur,乌鲁木齐市,Western area,-2043.23,3686.223,156653.21,156653.21,1.0,Red,2
xblz042,2,64721.58,154.53136,1,2.1482436,0.69265524,0.69177574771193,0.03045135059379122,0.2527564278261851,64721.58,64721.58,Gansu,兰州市,Western area,-762.6987,3093.822,64721.58,64721.58,1.0,Yellow,2
xbwl043,1,132065.24,44.228168,1,1.5990373,1.7301187,0.69177574771193,0.03045135059379122,0.2527564278261851,132065.24,218002.22999999998,Xinjiang Uygur,乌鲁木齐市,Western area,-2043.23,3686.223,132065.24,218002.22999999998,0.6057976562900297,Red,2
hnxx044,2,13995.63,63.518841,0,1.1980762,5.9590862,0.7964985177890068,0.05270960946459299,0.25170903489386925,13995.63,39347.86,Hunan,吉首市,Central area,165.5755,1913.2,13995.63,39347.86,0.35568973763757417,Yellow,1
sdzz045,1,32178.91,59.061246000000004,1,1.3945838,1.1130533,0.6899470327975797,0.019919818030096056,0.09335376053505097,32178.91,32178.91,Shandong,枣庄市,Eastern area,818.8971,3022.989,32178.91,32178.91,1.0,Red,3
gxbs046,1,63128.75,6.6904441,1,1.937248,0.98377777,0.70185954230726,0.0674344016839936,0.19676732720978388,63128.75,63128.75,Guangxi Zhuangzu,百色市,Western area,-125.5177,1493.003,63128.75,63128.75,1.0,Red,2
ahbz047,1,58967.590000000004,31.681022,0,1.4802634,4.3864186,1.0087949151260105,0.019491992058553002,0.19185697048136535,58967.590000000004,58967.590000000004,Anhui,亳州市,Central area,671.9757,2408.49,58967.590000000004,58967.590000000004,1.0,Red,1
hncs048,1,37504.5,50.584542,0,3.8800757,4.3148316,0.7964985177890068,0.05270960946459299,0.25170903489386925,37504.5,37504.5,Hunan,长沙市,Central area,165.5755,1913.2,37504.5,37504.5,1.0,Red,1
gzbg049,1,67214.69,0.0,0,2.428304,1.075095,0.7882375474307484,0.08463759381221045,0.39795838886757934,67214.69,100898.93999999999,Guizhou,贵阳市,Western area,-310.2428,1827.834,67214.69,100898.93999999999,0.6661585344702334,Red,2
sddz050,1,50460.310000000005,26.067559000000003,1,2.3060708,1.9191937,0.6899470327975797,0.019919818030096056,0.09335376053505097,50460.310000000005,50460.310000000005,Shandong,德州市,Eastern area,818.8971,3022.989,50460.310000000005,50460.310000000005,1.0,Red,3
ahpy051,3,66768.38,7.0792398,0,1.4723694,1.7764846,1.0087949151260105,0.019491992058553002,0.19185697048136535,66768.38,66768.38,Anhui,阜阳市,Central area,671.9757,2408.49,66768.38,66768.38,1.0,Green,1
scdz052,1,77116.66,4.3428217,0,1.3117553,0.52710823,0.833973144114031,0.03255570365183585,0.37872732400377085,77116.66,152622.85,Sichuan,达州市,Western area,-686.9829,2272.767,77116.66,152622.85,0.5052759793176448,Red,2
ldqd053,2,8328.46,43.80451,1,1.1232396,1.2356858,0.8467148355855535,0.016559034321694505,0.9495546659761421,8328.46,8328.46,Shandong,青岛市,Eastern area,818.8971,3022.989,8328.46,8328.46,1.0,Yellow,3
sxty054,2,118708.51,285.90215,0,1.4806117,0.5346482,0.6783565084150279,0.014762529025704126,0.19665238540883978,118708.51,118708.51,Shanxi,太原市,Central area,195.3071,3031.825,118708.51,118708.51,1.0,Yellow,1
hnqy055,2,25376.500000000004,20.251932999999998,0,1.1216243,2.4829131,0.7964985177890068,0.05270960946459299,0.25170903489386925,25376.500000000004,55867.409999999996,Hunan,永州市,Central area,165.5755,1913.2,25376.500000000004,55867.409999999996,0.4542272498402916,Yellow,1
hnsy056,1,28191.769999999997,3.8708904,1,1.7108754,0.29767787,0.7964985177890068,0.05270960946459299,0.25170903489386925,28191.769999999997,28191.769999999997,Hunan,邵阳市,Central area,165.5755,1913.2,28191.769999999997,28191.769999999997,1.0,Red,1
sdrz057,2,59340.12,100.31117,1,1.0033015,4.9636753,0.6899470327975797,0.019919818030096056,0.09335376053505097,59340.12,59340.12,Shandong,日照市,Eastern area,818.8971,3022.989,59340.12,59340.12,1.0,Yellow,3
sxdt058,2,147232.50999999998,0.0,0,1.7014898,4.1408454,0.6783565084150279,0.014762529025704126,0.19665238540883978,147232.50999999998,147232.50999999998,Shanxi,大同市,Central area,195.3071,3031.825,147232.50999999998,147232.50999999998,1.0,Yellow,1
hnyy059,3,17356.42,20.320954999999998,0,1.239881,0.44330325,0.7964985177890068,0.05270960946459299,0.25170903489386925,17356.42,17356.42,Hunan,岳阳市,Central area,165.5755,1913.2,17356.42,17356.42,1.0,Green,1
sdlc060,1,67345.4,26.854283,0,1.0922967,2.1986635,0.6899470327975797,0.019919818030096056,0.09335376053505097,67345.4,67345.4,Shandong,聊城市,Eastern area,818.8971,3022.989,67345.4,67345.4,1.0,Red,3
ldwh061,1,20211.7,4.4510219,1,0.82209979,1.4536956,0.8467148355855535,0.016559034321694505,0.9495546659761421,20211.7,20211.7,Shandong,威海市,Eastern area,818.8971,3022.989,20211.7,20211.7,1.0,Red,3
hbsj062,1,39404.91,14.042235,0,1.0233375,0.61536948,0.7109781757714158,0.01213319377191041,0.2488844305706367,39404.91,39404.91,Hebei,石家庄市,Eastern area,549.064,3292.096,39404.91,39404.91,1.0,Red,3
hsnt063,2,81575.15999999999,47.667446,0,1.4698966,0.38812285,0.9150533164260033,0.016125056146342066,0.23917430379723265,81575.15999999999,81575.15999999999,Jiangsu,南通市,Eastern area,865.042,2555.597,81575.15999999999,81575.15999999999,1.0,Yellow,3
xbls064,3,99108.09000000001,145.16891999999999,0,2.2287061,0.16780986,0.69177574771193,0.03045135059379122,0.2527564278261851,99108.09000000001,99108.09000000001,Tibet,拉萨市,Western area,-1985.1,2569.447,99108.09000000001,99108.09000000001,1.0,Green,2
sdly065,1,38764.590000000004,0.0,0,1.1792515,1.7056175,0.6899470327975797,0.019919818030096056,0.09335376053505097,38764.590000000004,67747.04,Shandong,临沂市,Eastern area,818.8971,3022.989,38764.590000000004,67747.04,0.5721960693780866,Red,3
ldyt066,1,28364.699999999997,32.791574999999995,0,1.2391595,2.0535877,0.8467148355855535,0.016559034321694505,0.9495546659761421,28364.699999999997,28364.699999999997,Shandong,烟台市,Eastern area,818.8971,3022.989,28364.699999999997,28364.699999999997,1.0,Red,3
xbxn067,1,116581.63,9.5325184,0,1.383947,0.93381758,0.69177574771193,0.03045135059379122,0.2527564278261851,116581.63,116581.63,Qinghai,西宁市,Western area,-1236.947,2915.147,116581.63,116581.63,1.0,Red,2
sdhz068,1,70469.62,27.938004999999997,0,1.1900518,3.5028758,0.6899470327975797,0.019919818030096056,0.09335376053505097,70469.62,70469.62,Shandong,菏泽市,Eastern area,818.8971,3022.989,70469.62,70469.62,1.0,Red,3
xblz069,1,195118.33,7.0908623,1,1.2445054,1.8504804,0.69177574771193,0.03045135059379122,0.2527564278261851,195118.33,195118.33,Gansu,兰州市,Western area,-762.6987,3093.822,195118.33,195118.33,1.0,Red,2
gzzy070,1,8248.0,9.3760013,0,1.3598859,1.1939849,0.7882375474307484,0.08463759381221045,0.39795838886757934,8248.0,8248.0,Guizhou,遵义市,Western area,-310.2428,1827.834,8248.0,8248.0,1.0,Red,2
ldqd071,1,50163.12,49.010044,1,0.89131801,5.2497279,0.8467148355855535,0.016559034321694505,0.9495546659761421,50163.12,50163.12,Shandong,青岛市,Eastern area,818.8971,3022.989,50163.12,50163.12,1.0,Red,3
xbgn072,2,29629.04,6.1506862,0,1.2282567,0.54061576,0.69177574771193,0.03045135059379122,0.2527564278261851,29629.04,29629.04,Gansu,临夏市,Western area,-762.6987,3093.822,29629.04,29629.04,1.0,Yellow,2
hnyy073,1,96995.90000000001,0.0,0,1.3326009,0.9539982,0.7964985177890068,0.05270960946459299,0.25170903489386925,96995.90000000001,96995.90000000001,Hunan,益阳市,Central area,165.5755,1913.2,96995.90000000001,96995.90000000001,1.0,Red,1
gzbj074,2,12025.93,15.49201,0,1.1449148,0.93258651,0.7882375474307484,0.08463759381221045,0.39795838886757934,12025.93,77834.58,Guizhou,毕节市,Western area,-310.2428,1827.834,12025.93,77834.58,0.15450626186972422,Yellow,2
cqcq075,3,25115.81,5.9603544,0,1.5281005,2.3380821,0.837401393989272,0.013236715749527212,0.23258508058407049,25115.81,25115.81,Chongqing City,重庆市,Western area,-204.167,2186.741,25115.81,25115.81,1.0,Green,2
jxgz076,1,36931.22,27.436943,0,1.1785471,2.2016395,0.807361772185228,0.016588249431729908,0.2119181447373691,36931.22,125679.25,Jiangxi,赣州市,Central area,556.1547,1926.764,36931.22,125679.25,0.2938529629990631,Red,1
yxly077,1,91503.73,109.84263999999999,1,2.0211858,1.8128387,0.7290361651282724,0.02087908830619465,0.28172538469445396,91503.73,183013.33,Henan,洛阳市,Central area,327.5666,2622.538,91503.73,183013.33,0.4999839629167996,Red,1
jscz078,3,99961.87000000001,150.48593,1,1.6218588,1.5362015,1.0321278545865147,0.01763398245169923,0.23148078413144615,99961.87000000001,99961.87000000001,Jiangsu,常州市,Eastern area,865.042,2555.597,99961.87000000001,99961.87000000001,1.0,Green,3
sxdt079,3,142558.0,103.51698,0,1.4493736,0.51591175,0.6783565084150279,0.014762529025704126,0.19665238540883978,142558.0,142558.0,Shanxi,大同市,Central area,195.3071,3031.825,142558.0,142558.0,1.0,Green,1
yxly080,2,98483.05,20.85062,1,2.3272599,0.20544673,0.7290361651282724,0.02087908830619465,0.28172538469445396,98483.05,98483.05,Henan,洛阳市,Central area,327.5666,2622.538,98483.05,98483.05,1.0,Yellow,1
cqcq081,1,37327.14,4.6622446,0,1.0536068,0.92574566,0.837401393989272,0.013236715749527212,0.23258508058407049,37327.14,37327.14,Chongqing City,重庆市,Western area,-204.167,2186.741,37327.14,37327.14,1.0,Red,2
hnwc082,2,56043.36,0.001,0,1.0297453,1.1123994,0.5358266188939392,0.015024725850280807,0.42157744923379037,56043.36,56043.36,Hainan,海口市,Eastern area,-30.56441,981.5171,56043.36,56043.36,1.0,Yellow,3
hbcz083,1,118086.55,18.175221,1,1.4112302,1.957993,0.7109781757714158,0.01213319377191041,0.2488844305706367,118086.55,118086.55,Hebei,沧州市,Eastern area,549.064,3292.096,118086.55,118086.55,1.0,Red,3
hnsy084,1,66791.56,12.112135,0,1.0112108,4.0127108,0.7964985177890068,0.05270960946459299,0.25170903489386925,66791.56,66791.56,Hunan,邵阳市,Central area,165.5755,1913.2,66791.56,66791.56,1.0,Red,1
sxll085,1,86921.68000000001,14.254719,1,1.7981826,0.78990772,0.6783565084150279,0.014762529025704126,0.19665238540883978,86921.68000000001,86921.68000000001,Shanxi,临汾市,Central area,195.3071,3031.825,86921.68000000001,86921.68000000001,1.0,Red,1
cqcq086,1,77467.6,0.0,0,1.6843918,1.126069,0.837401393989272,0.013236715749527212,0.23258508058407049,77467.6,77467.6,Chongqing City,重庆市,Western area,-204.167,2186.741,77467.6,77467.6,1.0,Red,2
hnyy087,3,75287.2,8.364697999999999,0,2.3060708,1.0469271,0.7964985177890068,0.05270960946459299,0.25170903489386925,75287.2,75287.2,Hunan,益阳市,Central area,165.5755,1913.2,75287.2,75287.2,1.0,Green,1
dbhs088,2,21949.09,10.697173,0,1.704364,0.99336242,0.7686943654696622,0.029104031210575552,0.3081954353716442,21949.09,21949.09,Liaoning,沈阳市,Eastern area,1059.48,3342.688,21949.09,21949.09,1.0,Yellow,3
cqcq089,1,27551.030000000002,124.45975,0,2.3060708,0.69758461,0.837401393989272,0.013236715749527212,0.23258508058407049,27551.030000000002,27551.030000000002,Chongqing City,重庆市,Western area,-204.167,2186.741,27551.030000000002,27551.030000000002,1.0,Red,2
ydxx090,1,34124.92,6.99,1,1.1694802,2.3006476,0.6621007425706285,0.01779819670068548,0.22212737639704153,34124.92,159825.1,Henan,新乡市,Central area,327.5666,2622.538,34124.92,159825.1,0.21351414765265278,Red,1
hnbh091,2,101306.06,22.679519,0,2.3060708,10.146545,0.5358266188939392,0.015024725850280807,0.42157744923379037,101306.06,101306.06,Hainan,海口市,Eastern area,-30.56441,981.5171,101306.06,101306.06,1.0,Yellow,3
gxqz092,1,62258.6,2.8640336000000004,0,1.8216977,0.54214808,0.70185954230726,0.0674344016839936,0.19676732720978388,62258.6,62258.6,Guangxi Zhuangzu,钦州市,Western area,-125.5177,1493.003,62258.6,62258.6,1.0,Red,2
sxll093,3,89679.78,0.0,0,1.0001315,7.2080168,0.6783565084150279,0.014762529025704126,0.19665238540883978,89679.78,176324.53000000003,Shanxi,临汾市,Central area,195.3071,3031.825,89679.78,176324.53000000003,0.5086063748475609,Green,1
jxjx094,2,12578.67,57.020044,0,0.84866259,2.756818,0.807361772185228,0.016588249431729908,0.2119181447373691,12578.67,12578.67,Jiangxi,新余市,Central area,556.1547,1926.764,12578.67,12578.67,1.0,Yellow,1
hbsj095,1,80189.25,0.0,0,1.14748,7.6014142,0.7109781757714158,0.01213319377191041,0.2488844305706367,80189.25,80189.25,Hebei,石家庄市,Eastern area,549.064,3292.096,80189.25,80189.25,1.0,Red,3
gxhz096,2,41222.23,3.976417,0,1.2858387,0.47134166,0.70185954230726,0.0674344016839936,0.19676732720978388,41222.23,75662.01000000001,Guangxi Zhuangzu,贺州市,Western area,-125.5177,1493.003,41222.23,75662.01000000001,0.5448207098912651,Yellow,2
jxpx097,2,39923.9,22.409407,0,1.3816807,2.401662,0.807361772185228,0.016588249431729908,0.2119181447373691,39923.9,96510.29,Jiangxi,萍乡市,Central area,556.1547,1926.764,39923.9,96510.29,0.41367505993402365,Yellow,1
gxhz098,1,83009.15,183.04029,0,1.4833309,0.39831237,0.70185954230726,0.0674344016839936,0.19676732720978388,83009.15,83009.15,Guangxi Zhuangzu,贺州市,Western area,-125.5177,1493.003,83009.15,83009.15,1.0,Red,2
cqcs099,1,54281.27,2.7405179,0,1.0382076,0.70317891,0.837401393989272,0.013236715749527212,0.23258508058407049,54281.27,54281.27,Chongqing City,重庆市,Western area,-204.167,2186.741,54281.27,54281.27,1.0,Red,2
xbyd100,1,59862.840000000004,6.606249699999999,0,1.2789393,3.2524503,0.69177574771193,0.03045135059379122,0.2527564278261851,59862.840000000004,59862.840000000004,Gansu,兰州市,Western area,-762.6987,3093.822,59862.840000000004,59862.840000000004,1.0,Red,2
sdbz101,2,35051.88,0.0,0,0.99804852,1.4061149,0.6899470327975797,0.019919818030096056,0.09335376053505097,35051.88,56367.719999999994,Shandong,滨州市,Eastern area,818.8971,3022.989,35051.88,56367.719999999994,0.6218431400099206,Yellow,3
cqcq102,1,23253.98,19.285922,0,1.3765637,2.6113409,0.837401393989272,0.013236715749527212,0.23258508058407049,23253.98,23253.98,Chongqing City,重庆市,Western area,-204.167,2186.741,23253.98,23253.98,1.0,Red,2
sdta103,1,33700.53,10.837054,0,0.58595329,2.3418416,0.6899470327975797,0.019919818030096056,0.09335376053505097,33700.53,33700.53,Shandong,泰安市,Eastern area,818.8971,3022.989,33700.53,33700.53,1.0,Red,3
hnly104,2,103884.13999999998,0.0,0,0.93391283,2.7338999,0.7964985177890068,0.05270960946459299,0.25170903489386925,103884.13999999998,103884.13999999998,Hunan,长沙市,Central area,165.5755,1913.2,103884.13999999998,103884.13999999998,1.0,Yellow,1
yxly105,3,52966.17999999999,54.220444,1,1.6370017,0.8315,0.7290361651282724,0.02087908830619465,0.28172538469445396,52966.17999999999,52966.17999999999,Henan,洛阳市,Central area,327.5666,2622.538,52966.17999999999,52966.17999999999,1.0,Green,1
ahbb106,2,49695.71,39.756312,0,1.3016512,0.64212546,1.0087949151260105,0.019491992058553002,0.19185697048136535,49695.71,49695.71,Anhui,蚌埠市,Central area,671.9757,2408.49,49695.71,49695.71,1.0,Yellow,1
jxyc107,1,45329.46,90.449217,0,1.1792807,1.2388636,0.807361772185228,0.016588249431729908,0.2119181447373691,45329.46,45329.46,Jiangxi,宜春市,Central area,556.1547,1926.764,45329.46,45329.46,1.0,Red,1
cqcq108,2,20086.179999999997,3.8333019999999998,0,1.5467326,0.30605156,0.837401393989272,0.013236715749527212,0.23258508058407049,20086.179999999997,20086.179999999997,Chongqing City,重庆市,Western area,-204.167,2186.741,20086.179999999997,20086.179999999997,1.0,Yellow,2
hnsy109,1,12423.1,25.649805999999998,0,2.1220827,0.46283305,0.5358266188939392,0.015024725850280807,0.42157744923379037,12423.1,12423.1,Hainan,三亚市,Eastern area,-30.56441,981.5171,12423.1,12423.1,1.0,Red,3
hbzj110,3,44292.99999999999,233.50376,0,1.0163495,6.8656484,0.7109781757714158,0.01213319377191041,0.2488844305706367,44292.99999999999,44292.99999999999,Hebei,张家口市,Eastern area,549.064,3292.096,44292.99999999999,44292.99999999999,1.0,Green,3
ldyt111,2,21893.899999999998,37.671638,0,1.4017437,1.2005098,0.8467148355855535,0.016559034321694505,0.9495546659761421,21893.899999999998,55476.520000000004,Shandong,烟台市,Eastern area,818.8971,3022.989,21893.899999999998,55476.520000000004,0.39465164721940016,Yellow,3
sxjz112,1,12316.039999999999,29.095814999999998,1,1.0178786,0.3507489,0.6783565084150279,0.014762529025704126,0.19665238540883978,12316.039999999999,44187.34,Shanxi,太原市,Central area,195.3071,3031.825,12316.039999999999,44187.34,0.2787232723218913,Red,1
sxdt113,2,66614.34,57.547804,0,1.3243634,1.444269,0.6783565084150279,0.014762529025704126,0.19665238540883978,66614.34,85981.67,Shanxi,大同市,Central area,195.3071,3031.825,66614.34,85981.67,0.7747504787939103,Yellow,1
dbsy114,3,120146.36,159.81272,1,2.9782907,0.35485208,0.7686943654696622,0.029104031210575552,0.3081954353716442,120146.36,120146.36,Liaoning,沈阳市,Eastern area,1059.48,3342.688,120146.36,120146.36,1.0,Green,3
bjdl115,1,55540.409999999996,73.926435,0,1.5887936,1.6519334,0.697691698037563,0.02602653838185755,0.189146685013832,55540.409999999996,55540.409999999996,Inner Mongol,包头市,Western area,257.7787,3768.07,55540.409999999996,55540.409999999996,1.0,Red,2
hbxt116,1,43466.99,21.822558,0,1.1948587,1.3297436,0.7109781757714158,0.01213319377191041,0.2488844305706367,43466.99,43466.99,Hebei,邢台市,Eastern area,549.064,3292.096,43466.99,43466.99,1.0,Red,3
gxgl117,2,45253.06,42.212340000000005,0,1.2780872,1.012855,0.70185954230726,0.0674344016839936,0.19676732720978388,45253.06,45253.06,Guangxi Zhuangzu,桂林市,Western area,-125.5177,1493.003,45253.06,45253.06,1.0,Yellow,2
xblz118,3,58363.22,92.02850099999999,1,0.9960117,0.95462951,0.69177574771193,0.03045135059379122,0.2527564278261851,58363.22,58363.22,Gansu,兰州市,Western area,-762.6987,3093.822,58363.22,58363.22,1.0,Green,2
hbts119,2,92607.88,0.0,0,1.7357399,0.19573246,0.7109781757714158,0.01213319377191041,0.2488844305706367,92607.88,92607.88,Hebei,唐山市,Eastern area,549.064,3292.096,92607.88,92607.88,1.0,Yellow,3
yday120,1,44260.05,0.0,0,1.2085069,1.766113,0.6621007425706285,0.01779819670068548,0.22212737639704153,44260.05,165994.46,Henan,安阳市,Central area,327.5666,2622.538,44260.05,165994.46,0.2666357057940368,Red,1
dbdl121,1,19372.23,3.0666387,1,1.8640176,1.0040187,0.7686943654696622,0.029104031210575552,0.3081954353716442,19372.23,28312.469999999998,Liaoning,大连市,Eastern area,1059.48,3342.688,19372.23,28312.469999999998,0.6842295991836813,Red,3
hbts122,3,22251.32,10.318583,0,3.565041,0.09566934,0.7109781757714158,0.01213319377191041,0.2488844305706367,22251.32,36619.39,Hebei,唐山市,Eastern area,549.064,3292.096,22251.32,36619.39,0.6076376477052184,Green,3
ydhb123,1,31460.0,0.0,0,1.5339114,0.76124098,0.6621007425706285,0.01779819670068548,0.22212737639704153,31460.0,43851.18,Henan,鹤壁市,Central area,327.5666,2622.538,31460.0,43851.18,0.7174265321936605,Red,1
ldyt124,3,83363.0,135.85075999999998,1,1.3038291,3.1863084,0.8467148355855535,0.016559034321694505,0.9495546659761421,83363.0,83363.0,Shandong,烟台市,Eastern area,818.8971,3022.989,83363.0,83363.0,1.0,Green,3
scms125,1,41450.55,0.00020993999999999999,1,2.3060708,1.3003157,0.833973144114031,0.03255570365183585,0.37872732400377085,41450.55,41450.55,Sichuan,成都市,Western area,-686.9829,2272.767,41450.55,41450.55,1.0,Red,2
jxsr126,1,63975.38,14.188197,1,1.2355028,0.57240863,0.807361772185228,0.016588249431729908,0.2119181447373691,63975.38,63975.38,Jiangxi,上饶市,Central area,556.1547,1926.764,63975.38,63975.38,1.0,Red,1
dbyk127,2,84311.77,34.117672,1,1.641082,0.58585612,0.7686943654696622,0.029104031210575552,0.3081954353716442,84311.77,84311.77,Liaoning,营口市,Eastern area,1059.48,3342.688,84311.77,84311.77,1.0,Yellow,3
sxlf128,1,52095.799999999996,2.353926,0,1.2957669,1.9006271,0.6783565084150279,0.014762529025704126,0.19665238540883978,52095.799999999996,52095.799999999996,Shanxi,临汾市,Central area,195.3071,3031.825,52095.799999999996,52095.799999999996,1.0,Red,1
hstz129,1,117592.32,35.450129000000004,0,1.1248221,4.3388089,0.9150533164260033,0.016125056146342066,0.23917430379723265,117592.32,117592.32,Jiangsu,泰州市,Eastern area,865.042,2555.597,117592.32,117592.32,1.0,Red,3
hnsy130,2,27608.100000000002,3.3175617,0,0.20982491,0.49498823,0.7964985177890068,0.05270960946459299,0.25170903489386925,27608.100000000002,27608.100000000002,Hunan,邵阳市,Central area,165.5755,1913.2,27608.100000000002,27608.100000000002,1.0,Yellow,1
sdzz131,1,7115.12,0.0,1,148.5982,0.00140317,0.6899470327975797,0.019919818030096056,0.09335376053505097,7115.12,7115.12,Shandong,枣庄市,Eastern area,818.8971,3022.989,7115.12,7115.12,1.0,Red,3
scsn132,2,39705.78,31.169225,1,1.1359892,0.5102226,0.833973144114031,0.03255570365183585,0.37872732400377085,39705.78,39705.78,Sichuan,遂宁市,Western area,-686.9829,2272.767,39705.78,39705.78,1.0,Yellow,2
gxlb133,2,33419.32,31.825201000000003,0,1.1533726,2.9698394,0.70185954230726,0.0674344016839936,0.19676732720978388,33419.32,33419.32,Guangxi Zhuangzu,柳州市,Western area,-125.5177,1493.003,33419.32,33419.32,1.0,Yellow,2
cqcq134,2,20124.68,0.7199262799999999,1,1.5293583,0.58216678,0.837401393989272,0.013236715749527212,0.23258508058407049,20124.68,26598.38,Chongqing City,重庆市,Western area,-204.167,2186.741,20124.68,26598.38,0.7566129967313798,Yellow,2
ldyt135,1,50510.78999999999,31.261648,0,1.4938081,1.0387869,0.8467148355855535,0.016559034321694505,0.9495546659761421,50510.78999999999,50510.78999999999,Shandong,烟台市,Eastern area,818.8971,3022.989,50510.78999999999,50510.78999999999,1.0,Red,3
hncd136,1,46401.92,24.930424,0,1.268076,0.79895035,0.7964985177890068,0.05270960946459299,0.25170903489386925,46401.92,46401.92,Hunan,常德市,Central area,165.5755,1913.2,46401.92,46401.92,1.0,Red,1
ydxy137,1,32275.57,0.0,1,0.99977576,3.4888644,0.6621007425706285,0.01779819670068548,0.22212737639704153,32275.57,73006.73,Henan,信阳市,Central area,327.5666,2622.538,32275.57,73006.73,0.4420903387947933,Red,1
sddz138,1,5540.32,0.0,0,1.6077308,1.7339316,0.6899470327975797,0.019919818030096056,0.09335376053505097,5540.32,5540.32,Shandong,德州市,Eastern area,818.8971,3022.989,5540.32,5540.32,1.0,Red,3
xblz139,1,81370.69,22.569576,1,1.0520408,2.5860775,0.69177574771193,0.03045135059379122,0.2527564278261851,81370.69,109950.36,Gansu,兰州市,Western area,-762.6987,3093.822,81370.69,109950.36,0.7400675177416427,Red,2
gxlz140,1,3232.97,4.4567385,1,1.1982991,1.8264443,0.70185954230726,0.0674344016839936,0.19676732720978388,3232.97,73090.62,Guangxi Zhuangzu,柳州市,Western area,-125.5177,1493.003,3232.97,73090.62,0.04423235156576863,Red,2
sddz141,1,14609.43,28.211668,0,1.0888065,2.6576484,0.6899470327975797,0.019919818030096056,0.09335376053505097,14609.43,51720.32,Shandong,德州市,Eastern area,818.8971,3022.989,14609.43,51720.32,0.2824698300397213,Red,3
xbwl142,2,136620.88,0.0,0,1.7634316,3.1369207,0.69177574771193,0.03045135059379122,0.2527564278261851,136620.88,136620.88,Xinjiang Uygur,乌鲁木齐市,Western area,-2043.23,3686.223,136620.88,136620.88,1.0,Yellow,2
sdbz143,1,93881.4,59.498267999999996,1,2.4201268,1.0200878,0.6899470327975797,0.019919818030096056,0.09335376053505097,93881.4,93881.4,Shandong,滨州市,Eastern area,818.8971,3022.989,93881.4,93881.4,1.0,Red,3
dbdd144,2,43437.270000000004,8.6996598,0,4.2062178,0.16266296,0.7686943654696622,0.029104031210575552,0.3081954353716442,43437.270000000004,43437.270000000004,Liaoning,丹东市,Eastern area,1059.48,3342.688,43437.270000000004,43437.270000000004,1.0,Yellow,3
scmy145,1,27313.75,0.0,0,0.94047927,4.067107,0.833973144114031,0.03255570365183585,0.37872732400377085,27313.75,27313.75,Sichuan,绵阳市,Western area,-686.9829,2272.767,27313.75,27313.75,1.0,Red,2
hnzz146,1,58977.72,1.0650543000000001,0,1.1361185,12.377951,1.0028625166076264,0.008970670937271734,0.5575526018541407,58977.72,58977.72,Henan,郑州市,Central area,327.5666,2622.538,58977.72,58977.72,1.0,Red,1
xbww147,2,36991.64,4.3341784,1,0.95445589,4.2387628,0.69177574771193,0.03045135059379122,0.2527564278261851,36991.64,36991.64,Gansu,武威市,Western area,-762.6987,3093.822,36991.64,36991.64,1.0,Yellow,2
hnsq148,1,45339.49,0.0,0,1.033355,3.4261934,1.0028625166076264,0.008970670937271734,0.5575526018541407,45339.49,140431.77,Henan,商丘市,Central area,327.5666,2622.538,45339.49,140431.77,0.32285778353430994,Red,1
ydzm149,1,51350.52,0.0,0,1.1289039,0.49397089,0.6621007425706285,0.01779819670068548,0.22212737639704153,51350.52,51350.52,Henan,驻马店市,Central area,327.5666,2622.538,51350.52,51350.52,1.0,Red,1
hbzj150,1,5525.910000000001,5.2022526000000004,0,0.7283075,0.23693306,0.7109781757714158,0.01213319377191041,0.2488844305706367,5525.910000000001,5525.910000000001,Hebei,张家口市,Eastern area,549.064,3292.096,5525.910000000001,5525.910000000001,1.0,Red,3
yxpd151,1,13491.49,114.57382,0,1.4139701,2.0795022,0.7290361651282724,0.02087908830619465,0.28172538469445396,13491.49,46644.3,Henan,平顶山市,Central area,327.5666,2622.538,13491.49,46644.3,0.2892419866950517,Red,1
cqcq152,2,36923.28,7.733828,0,1.1745815,1.8463665,0.837401393989272,0.013236715749527212,0.23258508058407049,36923.28,36923.28,Chongqing City,重庆市,Western area,-204.167,2186.741,36923.28,36923.28,1.0,Yellow,2
hncd153,1,7474.74,0.0,0,1.653327,0.09657363,0.7964985177890068,0.05270960946459299,0.25170903489386925,7474.74,7474.74,Hunan,常德市,Central area,165.5755,1913.2,7474.74,7474.74,1.0,Red,1
gxqz154,1,82601.31,115.5933,1,1.3172255,0.50277987,0.70185954230726,0.0674344016839936,0.19676732720978388,82601.31,82601.31,Guangxi Zhuangzu,钦州市,Western area,-125.5177,1493.003,82601.31,82601.31,1.0,Red,2
hbsj155,1,16448.12,19.260075999999998,0,1.1983747,0.61750311,0.7109781757714158,0.01213319377191041,0.2488844305706367,16448.12,16448.12,Hebei,石家庄市,Eastern area,549.064,3292.096,16448.12,16448.12,1.0,Red,3
xbwl156,1,42500.69,8.6665308,1,1.3286178,3.1328113,0.69177574771193,0.03045135059379122,0.2527564278261851,42500.69,42500.69,Xinjiang Uygur,乌鲁木齐市,Western area,-2043.23,3686.223,42500.69,42500.69,1.0,Red,2
dbly157,1,21681.750000000004,4.4213891,0,1.0710993,0.44076713,0.7686943654696622,0.029104031210575552,0.3081954353716442,21681.750000000004,21681.750000000004,Jilin,辽源市,Central area,1287.258,3827.894,21681.750000000004,21681.750000000004,1.0,Red,1
jxjg158,2,12912.16,0.0,0,1.0944389,8.2076397,0.807361772185228,0.016588249431729908,0.2119181447373691,12912.16,12912.16,Jiangxi,吉安市,Central area,556.1547,1926.764,12912.16,12912.16,1.0,Yellow,1
bjhh159,3,109955.20000000001,0.0,0,1.2078796,1.2667309,0.697691698037563,0.02602653838185755,0.189146685013832,109955.20000000001,109955.20000000001,Inner Mongol,呼和浩特市,Western area,257.7787,3768.07,109955.20000000001,109955.20000000001,1.0,Green,2
hbcz160,1,56801.29,4.9785053,0,1.1658234,4.4419882,0.7109781757714158,0.01213319377191041,0.2488844305706367,56801.29,85285.37,Hebei,沧州市,Eastern area,549.064,3292.096,56801.29,85285.37,0.6660144641454918,Red,3
ldwh161,3,11336.5,0.0,0,0.00309649,190.14865,0.8467148355855535,0.016559034321694505,0.9495546659761421,11336.5,11336.5,Shandong,威海市,Eastern area,818.8971,3022.989,11336.5,11336.5,1.0,Green,3
yxly162,2,7459.84,15.659781,0,1.2318997,2.4401704,0.7290361651282724,0.02087908830619465,0.28172538469445396,7459.84,56768.98,Henan,洛阳市,Central area,327.5666,2622.538,7459.84,56768.98,0.131406976133797,Yellow,1
sxzz163,1,32509.760000000002,9.4860173,1,1.2385408,0.39635205,0.6783565084150279,0.014762529025704126,0.19665238540883978,32509.760000000002,120263.28,Shanxi,长治市,Central area,195.3071,3031.825,32509.760000000002,120263.28,0.27032158111769444,Red,1
hnyy164,1,37186.96,0.50354128,1,1.017366,3.8153018,0.7964985177890068,0.05270960946459299,0.25170903489386925,37186.96,37186.96,Hunan,益阳市,Central area,165.5755,1913.2,37186.96,37186.96,1.0,Red,1
ldqd165,1,73831.56,105.16799999999999,1,2.045162,1.0574721,0.8467148355855535,0.016559034321694505,0.9495546659761421,73831.56,73831.56,Shandong,青岛市,Eastern area,818.8971,3022.989,73831.56,73831.56,1.0,Red,3
sdwf166,1,1515.43,45.783324,1,1.3008019,0.91552823,0.6899470327975797,0.019919818030096056,0.09335376053505097,1515.43,1515.43,Shandong,潍坊市,Eastern area,818.8971,3022.989,1515.43,1515.43,1.0,Red,3
hnhn167,3,75114.28,36.146777,0,1.4443173,0.85530368,0.7964985177890068,0.05270960946459299,0.25170903489386925,75114.28,75114.28,Hunan,邵阳市,Central area,165.5755,1913.2,75114.28,75114.28,1.0,Green,1
sxxa168,1,126911.72,22.041030999999997,0,2.3060708,3.2074696,0.7151257660917754,0.02042891243052803,0.18704700932303947,126911.72,332953.93,Shaanxi,西安市,Western area,-104.3657,2761.934,126911.72,332953.93,0.38116901037930384,Red,2
sczg169,1,57682.92,0.0,0,2.3060708,3.2074696,0.833973144114031,0.03255570365183585,0.37872732400377085,57682.92,57682.92,Sichuan,自贡市,Western area,-686.9829,2272.767,57682.92,57682.92,1.0,Red,2
hbhb170,3,92275.08,0.0,0,2.3060708,3.2074696,0.7109781757714158,0.01213319377191041,0.2488844305706367,92275.08,92275.08,Hebei,秦皇岛市,Eastern area,549.064,3292.096,92275.08,92275.08,1.0,Green,3
sxty171,1,94374.18,6.1785965,0,2.3060708,3.2074696,0.6783565084150279,0.014762529025704126,0.19665238540883978,94374.18,238545.38,Shanxi,太原市,Central area,195.3071,3031.825,94374.18,238545.38,0.39562359162017724,Red,1
scdz172,1,47532.02,13.139233999999998,1,2.3060708,3.2074696,0.833973144114031,0.03255570365183585,0.37872732400377085,47532.02,114308.70000000001,Sichuan,达州市,Western area,-686.9829,2272.767,47532.02,114308.70000000001,0.41582154289218576,Red,2
hnhh173,2,27237.2,32.03863,0,2.3060708,3.2074696,0.7964985177890068,0.05270960946459299,0.25170903489386925,27237.2,81711.6,Hunan,怀化市,Central area,165.5755,1913.2,27237.2,81711.6,0.3333333333333333,Yellow,1
sxty174,1,109695.86,237.18866000000003,0,2.3060708,3.2074696,0.6783565084150279,0.014762529025704126,0.19665238540883978,109695.86,109695.86,Shanxi,太原市,Central area,195.3071,3031.825,109695.86,109695.86,1.0,Red,1
