model,term,coefficient,std_error,p_value,conf_low,conf_high,n,covariance,converged,warning,interpretation_status
full_overdue_logit_base,Intercept,-0.6632457549505506,1.86813300320121,0.7225661161141845,-4.324719159555571,2.9982276496544706,174,cluster:Province,True,,exploratory_only_codebook_review_required
full_overdue_logit_base,C(color)[T.2.0],-0.2576991378316657,0.515476801223354,0.6171287106189755,-1.2680151030953521,0.7526168274320206,174,cluster:Province,True,,exploratory_only_codebook_review_required
full_overdue_logit_base,C(color)[T.3.0],0.43217002383511177,0.7006326541091669,0.537348007090408,-0.9410447446115644,1.805384792281788,174,cluster:Province,True,,exploratory_only_codebook_review_required
full_overdue_logit_base,x1,0.008433306623509527,0.0054103799654267055,0.11906095197743201,-0.002170843251403879,0.019037456498422933,174,cluster:Province,True,,exploratory_only_codebook_review_required
full_overdue_logit_base,x2,-0.3092399299847161,0.5179052524959352,0.5504422888863209,-1.3243155722808722,0.7058357123114398,174,cluster:Province,True,,exploratory_only_codebook_review_required
full_overdue_logit_base,x3,0.049433084395366346,0.1554290997006343,0.7504525771898888,-0.2552023531673621,0.35406852195809485,174,cluster:Province,True,,exploratory_only_codebook_review_required
full_overdue_logit_base,x4,0.010516383974266234,0.011994382404461164,0.3806084374683958,-0.012992173555278583,0.03402494150381105,174,cluster:Province,True,,exploratory_only_codebook_review_required
full_overdue_logit_base,x5,2.2414616569683856,2.2815751603759837,0.32589371372790377,-2.2303434853897404,6.713266799326512,174,cluster:Province,True,,exploratory_only_codebook_review_required
full_overdue_logit_base,x6,-5.81084964533282,8.759930894466226,0.5071101130009357,-22.979998705546365,11.358299414880726,174,cluster:Province,True,,exploratory_only_codebook_review_required
full_overdue_logit_base,x7,0.3600014536986708,0.6932875310241505,0.6035744444526497,-0.9988171380393596,1.7188200454367013,174,cluster:Province,True,,exploratory_only_codebook_review_required
full_overdue_logit_supplement,Intercept,-1.0655061384811266,2.8018952983433527,0.7037372106519364,-6.557120011686207,4.426107734723955,174,cluster:Province,True,full_overdue_logit_supplement_runtime_warning=divide by zero encountered in divide; full_overdue_logit_supplement_runtime_warning=invalid value encountered in multiply; full_overdue_logit_supplement_used_manual_cluster_covariance_after_nonfinite_statsmodels_result,exploratory_only_codebook_review_required
full_overdue_logit_supplement,C(color)[T.2.0],-0.3605294228117707,0.6657229496136415,0.5881211338961714,-1.6653224277362813,0.9442635821127398,174,cluster:Province,True,full_overdue_logit_supplement_runtime_warning=divide by zero encountered in divide; full_overdue_logit_supplement_runtime_warning=invalid value encountered in multiply; full_overdue_logit_supplement_used_manual_cluster_covariance_after_nonfinite_statsmodels_result,exploratory_only_codebook_review_required
full_overdue_logit_supplement,C(color)[T.3.0],0.6944543951208388,0.6951629061812535,0.31780399305461726,-0.6680398643826146,2.0569486546242923,174,cluster:Province,True,full_overdue_logit_supplement_runtime_warning=divide by zero encountered in divide; full_overdue_logit_supplement_runtime_warning=invalid value encountered in multiply; full_overdue_logit_supplement_used_manual_cluster_covariance_after_nonfinite_statsmodels_result,exploratory_only_codebook_review_required
full_overdue_logit_supplement,C(completion_stage)[T.2.0],0.5077598260675514,0.691581218146016,0.46282606425537065,-0.8477144538829785,1.8632341060180813,174,cluster:Province,True,full_overdue_logit_supplement_runtime_warning=divide by zero encountered in divide; full_overdue_logit_supplement_runtime_warning=invalid value encountered in multiply; full_overdue_logit_supplement_used_manual_cluster_covariance_after_nonfinite_statsmodels_result,exploratory_only_codebook_review_required
full_overdue_logit_supplement,C(completion_stage)[T.3.0],-0.5783952689751654,0.435171749562986,0.18380853966221178,-1.431316225207902,0.2745256872575712,174,cluster:Province,True,full_overdue_logit_supplement_runtime_warning=divide by zero encountered in divide; full_overdue_logit_supplement_runtime_warning=invalid value encountered in multiply; full_overdue_logit_supplement_used_manual_cluster_covariance_after_nonfinite_statsmodels_result,exploratory_only_codebook_review_required
full_overdue_logit_supplement,C(completion_stage)[T.4.0],-0.1677186340212956,0.5205250027620777,0.747293212116644,-1.1879288924875802,0.8524916244449888,174,cluster:Province,True,full_overdue_logit_supplement_runtime_warning=divide by zero encountered in divide; full_overdue_logit_supplement_runtime_warning=invalid value encountered in multiply; full_overdue_logit_supplement_used_manual_cluster_covariance_after_nonfinite_statsmodels_result,exploratory_only_codebook_review_required
full_overdue_logit_supplement,C(completion_stage)[T.5.0],-0.8328080318603297,0.947383236674391,0.3793679868075007,-2.6896450552991222,1.0240289915784626,174,cluster:Province,True,full_overdue_logit_supplement_runtime_warning=divide by zero encountered in divide; full_overdue_logit_supplement_runtime_warning=invalid value encountered in multiply; full_overdue_logit_supplement_used_manual_cluster_covariance_after_nonfinite_statsmodels_result,exploratory_only_codebook_review_required
full_overdue_logit_supplement,C(gov_intervention)[T.1.0],-0.31554577145633944,0.691175419252867,0.6480053069053682,-1.670224700191331,1.0391331572786522,174,cluster:Province,True,full_overdue_logit_supplement_runtime_warning=divide by zero encountered in divide; full_overdue_logit_supplement_runtime_warning=invalid value encountered in multiply; full_overdue_logit_supplement_used_manual_cluster_covariance_after_nonfinite_statsmodels_result,exploratory_only_codebook_review_required
full_overdue_logit_supplement,C(gov_intervention)[T.2.0],-0.5261171219490199,0.5592273793378199,0.34681102391653107,-1.6221826446198657,0.5699484007218258,174,cluster:Province,True,full_overdue_logit_supplement_runtime_warning=divide by zero encountered in divide; full_overdue_logit_supplement_runtime_warning=invalid value encountered in multiply; full_overdue_logit_supplement_used_manual_cluster_covariance_after_nonfinite_statsmodels_result,exploratory_only_codebook_review_required
full_overdue_logit_supplement,C(gov_intervention)[T.3.0],0.1585712170224831,0.9242141646413857,0.8637723676860629,-1.6528552596764048,1.969997693721371,174,cluster:Province,True,full_overdue_logit_supplement_runtime_warning=divide by zero encountered in divide; full_overdue_logit_supplement_runtime_warning=invalid value encountered in multiply; full_overdue_logit_supplement_used_manual_cluster_covariance_after_nonfinite_statsmodels_result,exploratory_only_codebook_review_required
full_overdue_logit_supplement,C(firm_id)[T.1.0],0.37004453198192755,0.5275964254103246,0.48306714032408016,-0.6640254601943817,1.4041145241582367,174,cluster:Province,True,full_overdue_logit_supplement_runtime_warning=divide by zero encountered in divide; full_overdue_logit_supplement_runtime_warning=invalid value encountered in multiply; full_overdue_logit_supplement_used_manual_cluster_covariance_after_nonfinite_statsmodels_result,exploratory_only_codebook_review_required
full_overdue_logit_supplement,C(firm_id)[T.2.0],0.5744763522472076,0.6224164855932839,0.3560189806643167,-0.6454375428996222,1.7943902473940374,174,cluster:Province,True,full_overdue_logit_supplement_runtime_warning=divide by zero encountered in divide; full_overdue_logit_supplement_runtime_warning=invalid value encountered in multiply; full_overdue_logit_supplement_used_manual_cluster_covariance_after_nonfinite_statsmodels_result,exploratory_only_codebook_review_required
full_overdue_logit_supplement,C(firm_id)[T.3.0],-0.23966732677272323,0.7293641708996953,0.7424598512678768,-1.6691948333500428,1.1898601798045965,174,cluster:Province,True,full_overdue_logit_supplement_runtime_warning=divide by zero encountered in divide; full_overdue_logit_supplement_runtime_warning=invalid value encountered in multiply; full_overdue_logit_supplement_used_manual_cluster_covariance_after_nonfinite_statsmodels_result,exploratory_only_codebook_review_required
full_overdue_logit_supplement,x1,0.008614754935384258,0.006380662992037162,0.17697275838288717,-0.003891114726496161,0.02112062459726468,174,cluster:Province,True,full_overdue_logit_supplement_runtime_warning=divide by zero encountered in divide; full_overdue_logit_supplement_runtime_warning=invalid value encountered in multiply; full_overdue_logit_supplement_used_manual_cluster_covariance_after_nonfinite_statsmodels_result,exploratory_only_codebook_review_required
full_overdue_logit_supplement,x2,-0.18441831710233447,0.6071860492975648,0.7613364885698672,-1.3744811056407231,1.0056444714360544,174,cluster:Province,True,full_overdue_logit_supplement_runtime_warning=divide by zero encountered in divide; full_overdue_logit_supplement_runtime_warning=invalid value encountered in multiply; full_overdue_logit_supplement_used_manual_cluster_covariance_after_nonfinite_statsmodels_result,exploratory_only_codebook_review_required
full_overdue_logit_supplement,x3,0.25620821996001,0.3243706423540864,0.4296080494849498,-0.37954655669612203,0.891962996616142,174,cluster:Province,True,full_overdue_logit_supplement_runtime_warning=divide by zero encountered in divide; full_overdue_logit_supplement_runtime_warning=invalid value encountered in multiply; full_overdue_logit_supplement_used_manual_cluster_covariance_after_nonfinite_statsmodels_result,exploratory_only_codebook_review_required
full_overdue_logit_supplement,x4,0.017438812184275666,0.02064822185649558,0.39835249450765586,-0.02303095899924844,0.057908583367799776,174,cluster:Province,True,full_overdue_logit_supplement_runtime_warning=divide by zero encountered in divide; full_overdue_logit_supplement_runtime_warning=invalid value encountered in multiply; full_overdue_logit_supplement_used_manual_cluster_covariance_after_nonfinite_statsmodels_result,exploratory_only_codebook_review_required
full_overdue_logit_supplement,x5,2.7137465394864897,2.7739593485355067,0.32792915892552155,-2.7231138782212945,8.150606957194274,174,cluster:Province,True,full_overdue_logit_supplement_runtime_warning=divide by zero encountered in divide; full_overdue_logit_supplement_runtime_warning=invalid value encountered in multiply; full_overdue_logit_supplement_used_manual_cluster_covariance_after_nonfinite_statsmodels_result,exploratory_only_codebook_review_required
full_overdue_logit_supplement,x6,-9.263617158758786,10.631533034137643,0.38357176217826816,-30.10103900611641,11.57380468859884,174,cluster:Province,True,full_overdue_logit_supplement_runtime_warning=divide by zero encountered in divide; full_overdue_logit_supplement_runtime_warning=invalid value encountered in multiply; full_overdue_logit_supplement_used_manual_cluster_covariance_after_nonfinite_statsmodels_result,exploratory_only_codebook_review_required
full_overdue_logit_supplement,x7,0.1824790319347361,1.0343509066502234,0.8599648705634283,-1.8448114924760532,2.2097695563455253,174,cluster:Province,True,full_overdue_logit_supplement_runtime_warning=divide by zero encountered in divide; full_overdue_logit_supplement_runtime_warning=invalid value encountered in multiply; full_overdue_logit_supplement_used_manual_cluster_covariance_after_nonfinite_statsmodels_result,exploratory_only_codebook_review_required
full_overdue_logit_supplement,contractor_litigation,0.08614664432746186,0.5871477156796101,0.8833525860927793,-1.0646417320095376,1.2369350206644614,174,cluster:Province,True,full_overdue_logit_supplement_runtime_warning=divide by zero encountered in divide; full_overdue_logit_supplement_runtime_warning=invalid value encountered in multiply; full_overdue_logit_supplement_used_manual_cluster_covariance_after_nonfinite_statsmodels_result,exploratory_only_codebook_review_required
full_overdue_logit_supplement,contractor_soe,0.058335994043874864,0.4900459556501995,0.90524217266966,-0.9021364298000287,1.0188084178877785,174,cluster:Province,True,full_overdue_logit_supplement_runtime_warning=divide by zero encountered in divide; full_overdue_logit_supplement_runtime_warning=invalid value encountered in multiply; full_overdue_logit_supplement_used_manual_cluster_covariance_after_nonfinite_statsmodels_result,exploratory_only_codebook_review_required
severity_fractional_logit,Intercept,0.5398638672430655,1.039589489887004,0.6035481696725602,-1.4976940916418293,2.57742182612796,42,cluster:Province,True,,exploratory_only_codebook_review_required
severity_fractional_logit,C(completion_stage)[T.2.0],-0.9914528582994931,0.1974678366556376,5.144810921856896e-07,-1.3784827062495812,-0.604423010349405,42,cluster:Province,True,,exploratory_only_codebook_review_required
severity_fractional_logit,C(completion_stage)[T.3.0],-0.3477410031972581,0.3583363067081248,0.3318312262349601,-1.0500672586982813,0.35458525230376503,42,cluster:Province,True,,exploratory_only_codebook_review_required
severity_fractional_logit,C(completion_stage)[T.4.0],-0.5890868065656939,0.3893880021021032,0.13031700307208952,-1.3522732666978232,0.1740996535664353,42,cluster:Province,True,,exploratory_only_codebook_review_required
severity_fractional_logit,C(completion_stage)[T.5.0],-0.6870003856765643,0.4603877188224893,0.13564112579228402,-1.5893437334931964,0.21534296214006787,42,cluster:Province,True,,exploratory_only_codebook_review_required
severity_fractional_logit,C(gov_intervention)[T.1.0],-1.0489428450822351,0.31902168876142345,0.0010090236476930818,-1.6742138653417715,-0.4236718248226986,42,cluster:Province,True,,exploratory_only_codebook_review_required
severity_fractional_logit,C(gov_intervention)[T.2.0],-0.5214668773525502,0.38498521159543353,0.17557326278653151,-1.276024026660132,0.2330902719550315,42,cluster:Province,True,,exploratory_only_codebook_review_required
severity_fractional_logit,C(gov_intervention)[T.3.0],-1.583196462625157,0.36639584413226084,1.5532363517734418e-05,-2.3013191212095396,-0.8650738040407744,42,cluster:Province,True,,exploratory_only_codebook_review_required
severity_fractional_logit,x1_int_w,-37.56069834986553,163.62392055145608,0.8184375338248355,-358.2576896399627,283.13629294023156,42,cluster:Province,True,,exploratory_only_codebook_review_required
severity_fractional_logit,x2,-0.009847116332307213,0.2803902886411742,0.9719845956095179,-0.5594019836837988,0.5397077510191844,42,cluster:Province,True,,exploratory_only_codebook_review_required
severity_fractional_logit,x3,0.3253604398865266,0.18523794150577938,0.07901228562526807,-0.03769925403513824,0.6884201338081914,42,cluster:Province,True,,exploratory_only_codebook_review_required
severity_fractional_logit,x4,-0.057195451869622445,0.060182492290389786,0.34192582924892023,-0.1751509692586459,0.060760065519401,42,cluster:Province,True,,exploratory_only_codebook_review_required
severity_fractional_logit,offset_discount,-0.1733168420593756,1.0175678010796307,0.8647548555826211,-2.16771308400307,1.8210793998843187,42,cluster:Province,True,,exploratory_only_codebook_review_required
severity_fractional_logit,contractor_litigation,0.01564230844422422,0.2341236775652997,0.9467312433091406,-0.44323166751183146,0.4745162844002799,42,cluster:Province,True,,exploratory_only_codebook_review_required
severity_fractional_logit,contractor_soe,0.4009486235899374,0.2592877098177617,0.12202092510129021,-0.10724594928674819,0.909143196466623,42,cluster:Province,True,,exploratory_only_codebook_review_required
